"","nifH","Anammox_Bacteria","hzsB","amoA_archaea","amoA_becteria","nxrA","comammoxA","napA","nirS","nirK","qnorB","nosZ","rRNA"
"(Intercept).mean",-1.11725167738339,2.00542272276883,0.00535838488847459,1.99497578890116,1.27928264765101,1.39013903974661,-0.74665460090621,0.479301490959649,0.757411788435325,-1.10040763415822,1.79716095453535,0.730041311153111,-1.10348444248773
"Niche2.mean",0.446900670953356,-0.80216908910753,-0.0021433539553899,-0.797990315560464,-0.511713059060404,-0.556055615898643,0.298661840362484,-0.19172059638386,-0.30296471537413,0.440163053663288,-0.71886438181414,-0.292016524461244,0.441393776995091
"(Intercept).t",-4.20093956641933,16.8953464977929,0.0168454754722556,14.431899300594,4.6522867752689,5.64161821007354,-2.87633208788057,1.78097505254882,2.91850342733414,-4.49869213329241,9.12821356652753,2.80448971159442,-4.61277008625981
"Niche2.t",5.33814531426551,-18.5079247874142,-0.0224446305666766,-18.8655922058457,-6.73192987480478,-7.44077999463066,3.15086393481624,-1.95096042126987,-3.20371916333085,5.06761345133842,-13.1171035213341,-3.07216455466284,5.0530364576591
"(Intercept).se",0.265952808822641,0.118696750198689,0.318090450892871,0.138233765864694,0.274979318654978,0.246407854623059,0.259585673035545,0.269123079671275,0.259520609549934,0.244606121413531,0.196879810210117,0.260311638204608,0.23922381169066
"Niche2.se",0.0837183412296909,0.0433419250575853,0.095495176408567,0.0422987153996258,0.0760128326611904,0.0747308234217243,0.0947872858178189,0.0982698543208116,0.0945665646483019,0.0868580561421937,0.0548035914060565,0.0950523708171916,0.0873521853035617
"Niche2.chisq",28.4957953962148,342.543279936579,0.000503761441274593,355.910569277264,45.318879839289,55.3652069284959,9.92794353572567,3.80624656536151,10.2638164774933,25.680706092186,172.058404789396,9.43819505092672,25.5331774424321
"Niche2.P",9.39021871052179e-08,1.78236013747097e-76,0.982093279263121,2.18806235705917e-79,1.67427336469411e-11,1.00092524259523e-13,0.00162788307564291,0.0510617541402577,0.00135664739893194,4.0283441006588e-07,2.62788155860591e-39,0.00212512537481502,4.34840853611916e-07
