"","nifH","Anammox_Bacteria","hzsB","amoA_archaea","amoA_becteria","nxrA","comammoxA","napA","nirS","nirK","qnorB","nosZ","rRNA"
"(Intercept).mean",0.339362503444983,0.038757028560266,0.454911502146301,-0.0995022625752986,-0.450461138977467,-0.290836936955204,0.0647876013384202,-0.039772792322122,0.148941254385323,0.0383916744409627,-0.319506232700818,0.178210726569286,0.0201155849447561
"Nitrogen.mean",-0.0011312083448166,-0.000129190095201223,-0.00151637167382097,0.000331674208584275,0.00150153712992489,0.000969456456517302,-0.000215958671128158,0.000132575974407073,-0.000496470847951079,-0.000127972248136539,0.00106502077566939,-0.000594035755230982,-6.70519498158559e-05
"(Intercept).t",0.781834582242675,0.0694295076611091,1.14858064722042,-0.182556888242407,-1.28532101465452,-0.603438100730714,0.120763144907319,-0.12423612136773,0.329630805150672,0.0995229660569997,-0.646933715324135,0.340066494496359,0.0459871024450154
"Nitrogen.t",-3.525422064819,-1.05856543775062,-4.46189883509514,2.05364564794309,3.93663853764762,3.66395544908687,-1.15472687374253,0.300102808425838,-1.53785459736257,-0.324792248022385,4.45324840699732,-2.9003719794028,-0.194573264114496
"(Intercept).se",0.434059212975114,0.558221278904095,0.396064049352731,0.545047976733561,0.350465863268055,0.481966479416901,0.536484880284812,0.320138715570469,0.451842643521265,0.385756935931498,0.493877850439029,0.524046706904239,0.437417968849144
"Nitrogen.se",0.000320871749259525,0.000122042615972559,0.000339848958899276,0.000161505081909568,0.000381426213142277,0.000264592861454937,0.000187021429949252,0.000441768522935484,0.000322833412731302,0.000394012630891729,0.00023915593255385,0.000204813644404777,0.000344610294333138
"Nitrogen.chisq",12.4286007351126,1.12056078600017,19.9085412146234,4.21746044731558,15.4971229760924,13.4245695328934,1.33339415294319,0.0900616956250752,2.36499676262919,0.105490004375434,19.8314213744242,8.4121576189049,0.0378587551081695
"Nitrogen.P",0.000422808564681508,0.289797734263476,8.12365779877838e-06,0.0400100006341796,8.26309257454854e-05,0.00024835000071274,0.24820229093579,0.76409873706967,0.124084170649534,0.74533831193753,8.45808043018484e-06,0.00372720054966989,0.845727035146722
